order_id,customer_id,product,price,quantity,order_date
1,393,CRM Basic,20.0,3,2025-01-31
2,149,CRM Pro,50.0,1,2025-03-24
3,4,CRM Pro,50.0,4,2024-10-10
4,90,CRM Basic,20.0,4,2024-08-19
5,273,CRM Enterprise,100.0,2,2024-08-08
6,257,CRM Enterprise,100.0,3,2025-02-21
7,37,CRM Pro,50.0,1,2025-04-10
8,224,CRM Basic,20.0,4,2025-02-09
9,472,CRM Basic,20.0,3,2024-09-27
10,295,CRM Pro,50.0,5,2024-09-29
11,208,CRM Enterprise,100.0,4,2024-07-16
12,149,CRM Basic,20.0,4,2025-03-14
13,11,CRM Pro,50.0,2,2025-06-13
14,411,CRM Enterprise,100.0,4,2025-01-19
15,426,CRM Enterprise,100.0,3,2024-09-22
16,46,CRM Pro,50.0,1,2025-03-01
17,125,CRM Pro,50.0,5,2024-09-25
18,206,CRM Enterprise,100.0,1,2024-07-17
19,203,CRM Pro,50.0,3,2024-08-04
20,114,CRM Pro,50.0,2,2024-12-04
21,40,CRM Enterprise,,1,2024-11-02
22,272,CRM Enterprise,100.0,2,2025-04-01
23,464,CRM Pro,50.0,3,2024-12-27
24,373,CRM Enterprise,100.0,2,2024-08-05
25,121,CRM Basic,20.0,2,2025-03-18
26,132,CRM Basic,20.0,2,2025-04-22
27,309,CRM Basic,20.0,1,2024-08-19
28,91,CRM Enterprise,100.0,4,2024-06-29
29,238,CRM Enterprise,100.0,5,2025-01-26
30,230,CRM Enterprise,100.0,5,2025-06-22
31,330,CRM Enterprise,100.0,5,2024-08-27
32,166,CRM Enterprise,100.0,3,2024-12-02
33,78,CRM Pro,50.0,1,2025-03-07
34,241,CRM Pro,50.0,3,2025-06-25
35,408,CRM Pro,50.0,5,2025-06-04
36,29,CRM Pro,50.0,5,2025-06-03
37,38,CRM Pro,50.0,4,2024-12-28
38,232,CRM Basic,20.0,1,2024-12-29
39,189,CRM Pro,50.0,1,2025-03-06
40,331,CRM Basic,20.0,5,2024-09-12
41,305,CRM Enterprise,100.0,4,2025-04-16
42,237,CRM Enterprise,100.0,5,2024-10-16
43,489,CRM Enterprise,100.0,1,2024-10-29
44,231,CRM Enterprise,100.0,2,2024-10-15
45,165,CRM Enterprise,100.0,4,2025-03-04
46,257,CRM Basic,20.0,1,2024-07-19
47,231,CRM Basic,20.0,3,2025-06-14
48,366,CRM Basic,20.0,5,2025-04-21
49,331,CRM Basic,20.0,1,2024-07-31
50,127,CRM Enterprise,100.0,4,2025-03-07
51,225,CRM Enterprise,100.0,5,2025-02-04
52,313,CRM Basic,20.0,3,2024-09-25
53,191,CRM Pro,50.0,4,2025-01-20
54,210,CRM Pro,50.0,5,2025-04-09
55,27,CRM Enterprise,100.0,3,2025-04-03
56,34,CRM Pro,50.0,1,2025-05-23
57,286,CRM Enterprise,100.0,4,2025-06-25
58,146,CRM Pro,50.0,5,2024-07-11
59,448,CRM Basic,20.0,3,2025-06-16
60,42,CRM Enterprise,100.0,2,2025-06-19
61,470,CRM Pro,50.0,3,2024-09-02
62,496,CRM Enterprise,100.0,4,2024-12-06
63,67,CRM Enterprise,100.0,1,2025-06-04
64,159,CRM Enterprise,100.0,4,2025-05-18
65,330,CRM Pro,50.0,2,2024-09-03
66,344,CRM Enterprise,100.0,5,2025-06-24
67,48,CRM Enterprise,100.0,4,2025-06-19
68,261,CRM Pro,50.0,1,2024-07-11
69,186,CRM Pro,50.0,2,2025-05-17
70,487,CRM Basic,20.0,3,2024-11-28
71,486,CRM Pro,50.0,2,2025-04-29
72,116,CRM Basic,20.0,2,2025-01-05
73,40,CRM Pro,50.0,1,2024-09-07
74,260,CRM Enterprise,100.0,5,2025-06-25
75,20,CRM Enterprise,100.0,3,2025-04-13
76,449,CRM Enterprise,100.0,2,2025-05-31
77,306,CRM Pro,50.0,2,2025-06-21
78,84,CRM Basic,20.0,5,2024-10-17
79,415,CRM Basic,20.0,4,2025-06-02
80,23,CRM Pro,50.0,3,2024-07-11
81,347,CRM Enterprise,100.0,2,2024-06-30
82,497,CRM Pro,50.0,5,2024-10-20
83,146,CRM Enterprise,100.0,4,2025-02-02
84,120,CRM Enterprise,100.0,2,2025-02-16
85,159,CRM Pro,50.0,2,2024-08-07
86,189,CRM Enterprise,100.0,5,2025-06-22
87,226,CRM Pro,50.0,3,2024-11-04
88,399,CRM Pro,50.0,5,2024-10-15
89,271,CRM Pro,50.0,2,2024-12-20
90,419,CRM Basic,20.0,5,2025-03-03
91,71,CRM Pro,50.0,1,2025-01-23
92,329,CRM Pro,50.0,3,2025-01-16
93,284,CRM Basic,20.0,5,2025-01-04
94,436,CRM Basic,20.0,3,2025-06-07
95,43,CRM Basic,20.0,3,2025-06-26
96,231,CRM Enterprise,100.0,2,2024-08-18
97,426,CRM Pro,50.0,1,2025-05-23
98,485,CRM Basic,20.0,4,2025-01-08
99,453,CRM Pro,50.0,1,2024-12-25
100,213,CRM Basic,20.0,4,2024-10-10
101,258,CRM Pro,50.0,three,2024-09-09
102,198,CRM Basic,20.0,3,2025-05-07
103,115,CRM Basic,20.0,3,2024-08-09
104,477,CRM Basic,20.0,3,2024-11-02
105,406,CRM Basic,20.0,2,2024-08-29
106,20,CRM Pro,50.0,4,2025-04-06
107,357,CRM Basic,20.0,4,2024-12-22
108,230,CRM Enterprise,100.0,1,2025-03-05
109,464,CRM Basic,20.0,1,2024-10-04
110,132,CRM Basic,20.0,2,2025-04-02
111,281,CRM Enterprise,100.0,5,2024-09-07
112,271,CRM Pro,50.0,1,2024-07-02
113,398,CRM Pro,50.0,2,2025-04-09
114,155,CRM Basic,20.0,1,2024-11-04
115,123,CRM Pro,50.0,5,2025-04-30
116,235,CRM Basic,20.0,1,2024-10-19
117,429,CRM Pro,50.0,5,2025-02-02
118,275,CRM Basic,20.0,5,2025-03-15
119,295,CRM Basic,20.0,2,2025-04-17
120,150,CRM Pro,50.0,1,2024-09-10
121,315,CRM Pro,50.0,2,2024-09-03
122,293,CRM Pro,50.0,2,2025-02-19
123,341,CRM Enterprise,100.0,1,2025-05-25
124,269,CRM Pro,50.0,1,2025-03-02
125,489,CRM Enterprise,100.0,5,2025-06-10
126,260,CRM Enterprise,100.0,5,2024-12-01
127,11,CRM Pro,50.0,4,2025-05-14
128,23,CRM Enterprise,100.0,4,2024-12-10
129,192,CRM Pro,50.0,1,2025-01-13
130,183,CRM Basic,20.0,3,2024-11-01
131,124,CRM Enterprise,100.0,1,2024-07-30
132,396,CRM Enterprise,100.0,3,2024-11-29
133,69,CRM Basic,20.0,3,2025-03-13
134,280,CRM Pro,50.0,2,2024-08-03
135,426,CRM Enterprise,100.0,4,2024-09-06
136,357,CRM Pro,50.0,2,2024-08-20
137,416,CRM Basic,20.0,1,2024-12-29
138,367,CRM Pro,50.0,1,2024-10-30
139,151,CRM Basic,20.0,1,2025-06-25
140,406,CRM Basic,20.0,1,2024-10-01
141,162,CRM Pro,50.0,5,2024-06-29
142,204,CRM Enterprise,100.0,4,2024-10-06
143,130,CRM Basic,20.0,2,2024-11-22
144,147,CRM Pro,50.0,1,2024-09-26
145,444,CRM Enterprise,100.0,3,2024-12-17
146,140,CRM Basic,20.0,3,2025-04-15
147,224,CRM Pro,50.0,4,2024-10-08
148,459,CRM Pro,50.0,3,2024-11-02
149,499,CRM Basic,20.0,4,2024-10-22
150,355,CRM Pro,50.0,3,2025-02-08
151,474,CRM Enterprise,100.0,3,2025-04-03
152,411,CRM Basic,20.0,4,2025-02-04
153,41,CRM Pro,50.0,5,2024-07-01
154,422,CRM Basic,20.0,5,2024-10-06
155,151,CRM Pro,50.0,1,2025-03-07
156,41,CRM Pro,50.0,3,2024-11-13
157,157,CRM Pro,50.0,5,2025-03-23
158,368,CRM Pro,50.0,2,2024-09-26
159,354,CRM Pro,50.0,3,2024-07-21
160,229,CRM Basic,20.0,3,2025-03-13
161,315,CRM Pro,50.0,3,2024-08-11
162,328,CRM Basic,20.0,1,2024-12-24
163,344,CRM Enterprise,100.0,4,2024-10-24
164,187,CRM Enterprise,100.0,2,2024-08-28
165,488,CRM Basic,20.0,2,2024-12-01
166,435,CRM Enterprise,100.0,4,2025-03-20
167,18,CRM Basic,20.0,1,2025-01-08
168,121,CRM Enterprise,100.0,3,2025-06-20
169,186,CRM Pro,50.0,5,2025-06-09
170,17,CRM Enterprise,100.0,2,2025-06-06
171,348,CRM Pro,50.0,3,2025-03-27
172,191,CRM Pro,50.0,1,2025-04-21
173,294,CRM Basic,20.0,5,2024-10-25
174,188,CRM Pro,50.0,3,2025-03-22
175,333,CRM Pro,50.0,2,2024-08-11
176,492,CRM Basic,20.0,1,2025-03-02
177,377,CRM Basic,20.0,4,2025-06-17
178,266,CRM Pro,50.0,5,2025-06-27
179,61,CRM Pro,50.0,3,2024-10-19
180,361,CRM Pro,50.0,2,2024-11-16
181,314,CRM Pro,50.0,4,2025-02-20
182,103,CRM Basic,20.0,2,2024-09-20
183,437,CRM Basic,20.0,4,2024-09-20
184,89,CRM Enterprise,100.0,4,2024-08-17
185,45,CRM Enterprise,100.0,3,2024-12-29
186,342,CRM Pro,50.0,1,2024-08-25
187,282,CRM Enterprise,100.0,3,2024-12-20
188,457,CRM Pro,50.0,2,2025-04-13
189,365,CRM Enterprise,100.0,2,2025-02-17
190,407,CRM Pro,50.0,5,2024-11-19
191,115,CRM Basic,20.0,2,2024-12-05
192,406,CRM Basic,20.0,2,2025-03-26
193,405,CRM Pro,50.0,1,2025-01-26
194,185,CRM Enterprise,100.0,5,2025-06-16
195,189,CRM Pro,50.0,5,2024-12-26
196,67,CRM Enterprise,100.0,1,2025-04-17
197,34,CRM Pro,50.0,4,2025-01-21
198,368,CRM Enterprise,100.0,4,2025-05-04
199,270,CRM Pro,50.0,4,2025-03-11
200,422,CRM Enterprise,100.0,1,2025-05-13
201,65,CRM Pro,50.0,1,2024-09-19
202,231,CRM Pro,50.0,5,2025-04-18
203,177,CRM Basic,20.0,5,2024-10-01
204,328,CRM Enterprise,100.0,2,2025-03-18
205,394,CRM Basic,20.0,4,2025-04-16
206,258,CRM Basic,20.0,1,2025-02-13
207,266,CRM Basic,20.0,3,2025-06-01
208,85,CRM Basic,20.0,3,2025-04-28
209,479,CRM Enterprise,100.0,2,2024-07-28
210,178,CRM Enterprise,100.0,3,2025-01-17
211,434,CRM Basic,20.0,3,2024-12-17
212,101,CRM Enterprise,100.0,5,2025-01-18
213,141,CRM Basic,20.0,3,2025-03-27
214,315,CRM Enterprise,100.0,1,2024-11-14
215,258,CRM Enterprise,100.0,2,2024-07-27
216,304,CRM Enterprise,100.0,2,2025-06-18
217,88,CRM Enterprise,100.0,5,2025-02-01
218,369,CRM Enterprise,100.0,3,2024-08-09
219,432,CRM Enterprise,100.0,1,2024-07-20
220,423,CRM Basic,20.0,1,2025-05-14
221,24,CRM Enterprise,100.0,5,2025-01-25
222,136,CRM Enterprise,100.0,2,2025-06-12
223,393,CRM Enterprise,100.0,4,2025-01-09
224,317,CRM Enterprise,100.0,1,2024-09-13
225,255,CRM Enterprise,100.0,5,2025-02-04
226,149,CRM Enterprise,100.0,3,2025-01-21
227,248,CRM Basic,20.0,4,2024-08-24
228,153,CRM Pro,50.0,1,2024-08-29
229,353,CRM Basic,20.0,2,2024-11-01
230,226,CRM Pro,50.0,4,2025-05-24
231,238,CRM Basic,20.0,3,2025-01-15
232,311,CRM Basic,20.0,3,2024-12-15
233,442,CRM Enterprise,100.0,3,2024-08-11
234,376,CRM Pro,50.0,4,2025-03-18
235,67,CRM Pro,50.0,5,2024-09-14
236,288,CRM Basic,20.0,3,2025-04-01
237,124,CRM Pro,50.0,1,2025-02-08
238,137,CRM Pro,50.0,2,2025-01-02
239,73,CRM Basic,20.0,1,2024-08-01
240,149,CRM Pro,50.0,5,2025-06-11
241,215,CRM Basic,20.0,2,2025-01-11
242,417,CRM Pro,50.0,5,2024-12-17
243,370,CRM Pro,50.0,2,2025-05-07
244,391,CRM Basic,20.0,4,2024-07-18
245,264,CRM Pro,50.0,4,2024-12-20
246,451,CRM Pro,50.0,4,2024-08-17
247,12,CRM Basic,20.0,4,2025-01-12
248,259,CRM Pro,50.0,2,2024-12-05
249,111,CRM Enterprise,100.0,3,2024-12-21
250,25,CRM Basic,20.0,3,2025-02-01
251,254,CRM Enterprise,100.0,4,2024-07-19
252,147,CRM Enterprise,100.0,1,2025-01-30
253,434,CRM Basic,20.0,4,2024-12-23
254,69,CRM Pro,50.0,3,2025-03-15
255,392,CRM Pro,50.0,3,2025-05-06
256,24,CRM Pro,50.0,1,2024-10-24
257,292,CRM Enterprise,100.0,2,2025-04-03
258,186,CRM Enterprise,100.0,3,2024-07-05
259,38,CRM Pro,50.0,5,2024-11-27
260,231,CRM Enterprise,100.0,3,2024-10-03
261,423,CRM Enterprise,100.0,5,2025-05-10
262,61,CRM Basic,20.0,1,2024-06-28
263,202,CRM Pro,50.0,3,2025-04-12
264,286,CRM Pro,50.0,2,2024-09-19
265,102,CRM Enterprise,100.0,5,2025-02-06
266,206,CRM Enterprise,100.0,1,2024-07-25
267,24,CRM Basic,20.0,2,2024-07-14
268,366,CRM Pro,50.0,4,2024-12-08
269,266,CRM Pro,50.0,2,2024-11-07
270,311,CRM Enterprise,100.0,2,2025-03-26
271,168,CRM Enterprise,100.0,3,2024-07-21
272,84,CRM Pro,50.0,5,2025-01-23
273,379,CRM Pro,50.0,5,2024-07-20
274,173,CRM Enterprise,100.0,5,2025-06-24
275,273,CRM Pro,50.0,5,2025-06-09
276,154,CRM Pro,50.0,1,2024-07-23
277,189,CRM Pro,50.0,1,2025-06-24
278,214,CRM Enterprise,100.0,3,2024-12-27
279,408,CRM Enterprise,100.0,1,2024-07-09
280,306,CRM Pro,50.0,3,2024-10-16
281,496,CRM Enterprise,100.0,5,2024-12-02
282,296,CRM Basic,20.0,1,2024-09-04
283,299,CRM Pro,50.0,2,2025-04-21
284,269,CRM Enterprise,100.0,5,2024-08-18
285,397,CRM Pro,50.0,2,2025-04-20
286,421,CRM Enterprise,100.0,2,2025-03-03
287,17,CRM Enterprise,100.0,1,2025-04-06
288,98,CRM Basic,20.0,4,2025-03-04
289,161,CRM Pro,50.0,2,2024-12-07
290,212,CRM Enterprise,100.0,2,2024-11-19
291,211,CRM Enterprise,100.0,5,2025-06-08
292,472,CRM Pro,50.0,1,2024-11-22
293,362,CRM Basic,20.0,5,2024-12-18
294,107,CRM Enterprise,100.0,3,2025-05-30
295,340,CRM Pro,50.0,5,2025-06-18
296,193,CRM Pro,50.0,2,2025-06-14
297,236,CRM Enterprise,100.0,3,2024-11-20
298,280,CRM Pro,50.0,3,2024-11-19
299,313,CRM Pro,50.0,2,2024-07-28
300,491,CRM Basic,20.0,3,2025-03-19
301,286,CRM Pro,50.0,2,2025-03-11
302,483,CRM Pro,50.0,3,2025-06-01
303,361,CRM Basic,20.0,4,2025-01-22
304,163,CRM Pro,50.0,3,2024-08-17
305,287,CRM Enterprise,100.0,3,2025-03-07
306,148,CRM Basic,20.0,5,2025-05-27
307,347,CRM Enterprise,100.0,4,2024-11-09
308,459,CRM Pro,50.0,3,2024-08-12
309,489,CRM Basic,20.0,3,2024-09-04
310,22,CRM Pro,50.0,1,2025-01-21
311,178,CRM Pro,50.0,3,2024-11-26
312,383,CRM Pro,50.0,2,2025-01-18
313,104,CRM Enterprise,100.0,3,2024-08-15
314,478,CRM Enterprise,100.0,3,2025-04-05
315,71,CRM Basic,20.0,5,2024-09-21
316,380,CRM Enterprise,100.0,2,2025-05-17
317,125,CRM Basic,20.0,5,2024-06-28
318,116,CRM Enterprise,100.0,2,2025-04-16
319,27,CRM Basic,20.0,4,2024-07-05
320,170,CRM Enterprise,100.0,4,2024-10-20
321,52,CRM Enterprise,100.0,2,2024-12-23
322,3,CRM Enterprise,100.0,2,2025-03-15
323,209,CRM Enterprise,100.0,4,2025-04-02
324,245,CRM Enterprise,100.0,2,2025-01-24
325,388,CRM Pro,50.0,3,2024-12-08
326,147,CRM Enterprise,100.0,1,2025-01-19
327,465,CRM Basic,20.0,5,2024-11-21
328,119,CRM Enterprise,100.0,1,2025-05-12
329,468,CRM Basic,20.0,4,2024-09-24
330,452,CRM Basic,20.0,1,2024-10-01
331,429,CRM Pro,50.0,4,2024-12-22
332,96,CRM Enterprise,100.0,3,2024-11-08
333,449,CRM Basic,20.0,1,2024-08-26
334,153,CRM Enterprise,100.0,5,2024-10-12
335,55,CRM Pro,50.0,3,2024-09-08
336,233,CRM Enterprise,100.0,5,2025-06-26
337,269,CRM Pro,50.0,2,2025-06-01
338,436,CRM Enterprise,100.0,4,2025-04-04
339,140,CRM Basic,20.0,1,2025-04-20
340,170,CRM Basic,20.0,4,2024-08-09
341,332,CRM Pro,50.0,2,2024-07-09
342,8,CRM Enterprise,100.0,3,2025-05-07
343,405,CRM Pro,50.0,5,2025-03-10
344,346,CRM Basic,20.0,2,2024-12-06
345,313,CRM Enterprise,100.0,4,2025-02-20
346,424,CRM Pro,50.0,5,2025-04-20
347,168,CRM Basic,20.0,4,2025-06-25
348,343,CRM Basic,20.0,2,2025-06-05
349,72,CRM Pro,50.0,3,2025-06-07
350,480,CRM Basic,20.0,1,2024-07-03
351,134,CRM Pro,50.0,2,2024-09-28
352,229,CRM Pro,50.0,3,2024-09-15
353,155,CRM Enterprise,100.0,5,2024-07-23
354,6,CRM Pro,50.0,3,2024-08-05
355,355,CRM Basic,20.0,1,2025-02-12
356,342,CRM Basic,20.0,4,2024-07-10
357,158,CRM Basic,20.0,4,2024-12-17
358,352,CRM Enterprise,100.0,3,2025-02-14
359,354,CRM Basic,20.0,3,2025-03-14
360,189,CRM Enterprise,100.0,2,2025-03-27
361,113,CRM Basic,20.0,4,2025-05-31
362,79,CRM Pro,50.0,5,2024-07-15
363,192,CRM Pro,50.0,5,2024-09-30
364,468,CRM Pro,50.0,5,2025-04-10
365,411,CRM Enterprise,100.0,2,2024-07-14
366,391,CRM Basic,20.0,5,2024-11-30
367,448,CRM Basic,20.0,5,2024-12-14
368,229,CRM Enterprise,100.0,3,2024-09-26
369,40,CRM Enterprise,100.0,1,2025-01-22
370,32,CRM Enterprise,100.0,5,2024-09-19
371,104,CRM Enterprise,100.0,5,2025-04-15
372,77,CRM Basic,20.0,3,2025-05-28
373,438,CRM Enterprise,100.0,4,2025-04-24
374,60,CRM Enterprise,100.0,2,2024-07-18
375,368,CRM Enterprise,100.0,4,2024-08-20
376,47,CRM Enterprise,100.0,4,2025-01-08
377,415,CRM Basic,20.0,4,2024-10-17
378,68,CRM Enterprise,100.0,4,2024-09-25
379,234,CRM Enterprise,100.0,1,2025-05-09
380,287,CRM Pro,50.0,3,2025-06-17
381,371,CRM Basic,20.0,4,2025-04-07
382,131,CRM Basic,20.0,2,2025-02-05
383,297,CRM Basic,20.0,1,2024-10-28
384,217,CRM Pro,50.0,1,2025-02-06
385,278,CRM Basic,20.0,1,2025-02-14
386,479,CRM Pro,50.0,1,2025-04-23
387,147,CRM Pro,50.0,2,2025-03-15
388,394,CRM Basic,20.0,4,2025-05-10
389,192,CRM Pro,50.0,4,2024-10-29
390,446,CRM Pro,50.0,4,2024-09-27
391,42,CRM Enterprise,100.0,5,2024-10-22
392,69,CRM Enterprise,100.0,3,2025-06-02
393,61,CRM Basic,20.0,5,2024-08-21
394,202,CRM Enterprise,100.0,2,2025-03-10
395,373,CRM Basic,20.0,1,2025-01-15
396,388,CRM Basic,20.0,3,2024-09-20
397,238,CRM Enterprise,100.0,5,2024-12-04
398,218,CRM Enterprise,100.0,4,2024-10-21
399,422,CRM Basic,20.0,2,2024-10-11
400,236,CRM Pro,50.0,2,2024-07-20
401,142,CRM Basic,20.0,1,2025-01-29
402,17,CRM Enterprise,100.0,4,2025-02-11
403,315,CRM Basic,20.0,2,2025-06-03
404,106,CRM Basic,20.0,1,2025-04-08
405,305,CRM Basic,20.0,4,2025-06-16
406,307,CRM Enterprise,100.0,1,2024-09-03
407,126,CRM Enterprise,100.0,1,2025-02-25
408,206,CRM Pro,50.0,2,2025-03-17
409,277,CRM Basic,20.0,1,2024-12-09
410,72,CRM Enterprise,100.0,3,2025-01-28
411,120,CRM Enterprise,100.0,5,2025-01-05
412,164,CRM Enterprise,100.0,5,2024-07-15
413,396,CRM Enterprise,100.0,3,2024-11-07
414,122,CRM Pro,50.0,2,2025-06-27
415,339,CRM Enterprise,100.0,2,2025-03-03
416,212,CRM Pro,50.0,3,2025-03-14
417,32,CRM Enterprise,100.0,5,2024-11-22
418,451,CRM Enterprise,100.0,2,2025-04-28
419,321,CRM Enterprise,100.0,4,2025-01-16
420,285,CRM Pro,50.0,1,2024-10-28
421,498,CRM Pro,50.0,4,2025-03-24
422,403,CRM Enterprise,100.0,3,2024-12-05
423,357,CRM Pro,50.0,4,2024-12-02
424,77,CRM Pro,50.0,4,2024-08-23
425,95,CRM Enterprise,100.0,4,2024-10-21
426,124,CRM Basic,20.0,3,2024-11-20
427,440,CRM Enterprise,100.0,2,2024-09-06
428,413,CRM Pro,50.0,1,2025-04-15
429,288,CRM Pro,50.0,4,2025-01-21
430,286,CRM Enterprise,100.0,2,2024-12-27
431,199,CRM Basic,20.0,3,2024-09-28
432,105,CRM Pro,50.0,1,2025-05-22
433,473,CRM Pro,50.0,3,2024-09-22
434,48,CRM Enterprise,100.0,2,2024-10-21
435,27,CRM Pro,50.0,4,2025-05-26
436,345,CRM Enterprise,100.0,5,2025-03-28
437,21,CRM Basic,20.0,2,2024-08-22
438,412,CRM Enterprise,100.0,5,2025-05-05
439,112,CRM Pro,50.0,2,2024-12-23
440,446,CRM Pro,50.0,3,2025-06-17
441,490,CRM Basic,20.0,2,2024-07-19
442,480,CRM Basic,20.0,1,2025-01-31
443,383,CRM Pro,50.0,2,2024-12-04
444,357,CRM Enterprise,100.0,2,2024-12-05
445,204,CRM Basic,20.0,5,2025-01-29
446,165,CRM Pro,50.0,4,2025-01-18
447,239,CRM Enterprise,100.0,3,2024-08-18
448,158,CRM Pro,50.0,3,2024-11-24
449,263,CRM Pro,50.0,4,2024-09-29
450,51,CRM Enterprise,100.0,4,2024-10-04
451,390,CRM Pro,50.0,2,2024-09-13
452,190,CRM Pro,50.0,4,2024-11-02
453,24,CRM Enterprise,100.0,2,2025-03-05
454,380,CRM Basic,20.0,1,2024-07-27
455,134,CRM Enterprise,100.0,5,2025-06-20
456,297,CRM Enterprise,100.0,4,2024-12-18
457,152,CRM Basic,20.0,2,2025-05-21
458,169,CRM Basic,20.0,4,2024-11-18
459,292,CRM Basic,20.0,4,2024-08-01
460,282,CRM Enterprise,100.0,3,2025-01-21
461,132,CRM Pro,50.0,4,2025-04-04
462,236,CRM Basic,20.0,3,2025-05-15
463,87,CRM Basic,20.0,5,2024-09-08
464,251,CRM Basic,20.0,5,2024-07-17
465,329,CRM Basic,20.0,5,2024-10-09
466,18,CRM Basic,20.0,1,2024-11-20
467,392,CRM Basic,20.0,4,2025-03-15
468,71,CRM Enterprise,100.0,2,2025-02-16
469,35,CRM Enterprise,100.0,2,2025-02-16
470,5,CRM Basic,20.0,5,2024-07-12
471,234,CRM Pro,50.0,1,2025-06-01
472,317,CRM Enterprise,100.0,5,2024-07-25
473,468,CRM Pro,50.0,4,2024-09-08
474,9,CRM Basic,20.0,5,2025-05-05
475,283,CRM Pro,50.0,1,2025-04-18
476,9,CRM Enterprise,100.0,3,2025-02-10
477,275,CRM Pro,50.0,1,2025-04-04
478,258,CRM Enterprise,100.0,4,2025-03-14
479,413,CRM Basic,20.0,1,2025-01-30
480,471,CRM Basic,20.0,5,2024-09-19
481,77,CRM Basic,20.0,2,2024-12-30
482,318,CRM Enterprise,100.0,3,2024-09-16
483,418,CRM Pro,50.0,3,2025-05-30
484,408,CRM Pro,50.0,1,2025-06-14
485,192,CRM Pro,50.0,4,2024-11-03
486,290,CRM Basic,20.0,2,2024-10-22
487,154,CRM Enterprise,100.0,1,2025-06-15
488,335,CRM Enterprise,100.0,1,2024-07-02
489,48,CRM Pro,50.0,4,2024-09-17
490,194,CRM Enterprise,100.0,4,2025-06-25
491,29,CRM Enterprise,100.0,1,2024-09-08
492,360,CRM Basic,20.0,1,2025-04-10
493,256,CRM Pro,50.0,3,2024-08-11
494,290,CRM Basic,20.0,5,2025-04-13
495,471,CRM Basic,20.0,2,2025-04-15
496,109,CRM Enterprise,100.0,5,2024-12-29
497,244,CRM Pro,50.0,1,2025-06-17
498,474,CRM Basic,20.0,3,2024-09-29
499,461,CRM Enterprise,100.0,5,2025-03-24
500,337,CRM Basic,20.0,2,2025-02-16
501,476,CRM Pro,50.0,1,2025-03-27
502,493,CRM Basic,20.0,5,2024-09-14
503,74,CRM Enterprise,100.0,4,2024-11-28
504,476,CRM Basic,20.0,3,2025-06-17
505,84,CRM Enterprise,100.0,2,2024-09-27
506,291,CRM Pro,50.0,5,2025-01-27
507,170,CRM Pro,50.0,2,2024-10-29
508,405,CRM Enterprise,100.0,1,2025-04-24
509,257,CRM Enterprise,100.0,3,2024-10-14
510,28,CRM Basic,20.0,4,2024-11-21
511,119,CRM Basic,20.0,3,2024-12-25
512,310,CRM Enterprise,100.0,5,2025-01-20
513,204,CRM Pro,50.0,1,2025-03-05
514,325,CRM Pro,50.0,4,2024-11-13
515,252,CRM Basic,20.0,3,2024-10-24
516,284,CRM Pro,50.0,4,2024-10-06
517,96,CRM Enterprise,100.0,5,2024-11-13
518,339,CRM Pro,50.0,1,2025-01-12
519,396,CRM Enterprise,100.0,3,2025-06-04
520,409,CRM Basic,20.0,1,2025-01-06
521,43,CRM Pro,50.0,2,2024-12-24
522,195,CRM Enterprise,100.0,2,2024-08-04
523,379,CRM Pro,50.0,3,2025-05-04
524,185,CRM Basic,20.0,1,2025-04-03
525,3,CRM Pro,50.0,4,2024-12-26
526,185,CRM Pro,50.0,1,2025-04-18
527,68,CRM Basic,20.0,2,2025-05-19
528,221,CRM Pro,50.0,5,2024-10-29
529,285,CRM Enterprise,100.0,4,2025-06-17
530,53,CRM Basic,20.0,1,2024-09-13
531,182,CRM Enterprise,100.0,1,2024-11-17
532,306,CRM Enterprise,100.0,3,2024-10-26
533,443,CRM Pro,50.0,1,2024-12-04
534,150,CRM Pro,50.0,4,2024-07-14
535,399,CRM Basic,20.0,5,2025-01-31
536,464,CRM Basic,20.0,5,2025-05-28
537,267,CRM Basic,20.0,4,2024-09-20
538,87,CRM Basic,20.0,3,2025-04-10
539,155,CRM Pro,50.0,4,2024-08-22
540,75,CRM Basic,20.0,2,2024-07-03
541,223,CRM Pro,50.0,4,2024-10-06
542,154,CRM Pro,50.0,1,2025-01-27
543,185,CRM Pro,50.0,2,2025-06-25
544,370,CRM Enterprise,100.0,4,2025-02-08
545,305,CRM Enterprise,100.0,2,2025-02-06
546,235,CRM Basic,20.0,2,2025-04-02
547,156,CRM Basic,20.0,4,2024-12-06
548,171,CRM Enterprise,100.0,4,2024-10-19
549,412,CRM Pro,50.0,4,2024-08-25
550,172,CRM Pro,50.0,5,2024-09-11
551,70,CRM Pro,50.0,3,2024-11-02
552,309,CRM Enterprise,100.0,2,2024-09-24
553,246,CRM Pro,50.0,2,2024-11-21
554,494,CRM Pro,50.0,3,2025-02-03
555,150,CRM Enterprise,100.0,4,2025-05-16
556,496,CRM Enterprise,100.0,2,2024-09-30
557,167,CRM Pro,50.0,3,2025-01-06
558,419,CRM Pro,50.0,3,2025-01-26
559,59,CRM Enterprise,100.0,2,2025-03-08
560,304,CRM Enterprise,100.0,2,2025-03-19
561,350,CRM Enterprise,100.0,1,2024-11-05
562,488,CRM Enterprise,100.0,4,2024-10-04
563,483,CRM Enterprise,100.0,2,2025-04-19
564,225,CRM Pro,50.0,1,2025-05-12
565,420,CRM Pro,50.0,4,2025-01-02
566,72,CRM Enterprise,100.0,3,2025-04-04
567,124,CRM Pro,50.0,2,2025-03-03
568,367,CRM Pro,50.0,4,2025-04-10
569,38,CRM Pro,50.0,5,2025-01-03
570,246,CRM Enterprise,100.0,4,2024-12-22
571,274,CRM Enterprise,100.0,4,2024-08-31
572,279,CRM Basic,20.0,3,2025-04-07
573,360,CRM Enterprise,100.0,5,2025-05-01
574,327,CRM Basic,20.0,1,2024-11-10
575,394,CRM Basic,20.0,3,2024-08-31
576,86,CRM Enterprise,100.0,5,2024-08-20
577,23,CRM Enterprise,100.0,4,2025-04-02
578,496,CRM Pro,50.0,4,2025-01-25
579,55,CRM Basic,20.0,1,2025-01-02
580,133,CRM Basic,20.0,5,2024-09-06
581,383,CRM Enterprise,100.0,5,2025-06-18
582,298,CRM Enterprise,100.0,5,2025-06-07
583,114,CRM Pro,50.0,3,2025-01-23
584,201,CRM Pro,50.0,5,2025-03-03
585,354,CRM Enterprise,100.0,2,2024-07-19
586,177,CRM Basic,20.0,4,2025-01-16
587,54,CRM Pro,50.0,4,2024-07-10
588,472,CRM Basic,20.0,1,2025-05-18
589,426,CRM Enterprise,100.0,2,2025-05-21
590,179,CRM Pro,50.0,3,2024-07-25
591,234,CRM Basic,20.0,5,2025-05-10
592,248,CRM Pro,50.0,4,2025-03-13
593,50,CRM Pro,50.0,4,2024-07-15
594,164,CRM Basic,20.0,3,2025-04-19
595,23,CRM Enterprise,100.0,1,2024-06-29
596,12,CRM Pro,50.0,1,2024-12-04
597,347,CRM Basic,20.0,2,2024-08-19
598,265,CRM Basic,20.0,5,2025-05-20
599,82,CRM Pro,50.0,5,2025-02-26
600,219,CRM Pro,50.0,2,2024-09-24
601,409,CRM Pro,50.0,2,2024-07-23
602,96,CRM Enterprise,100.0,4,2025-03-28
603,203,CRM Basic,20.0,5,2024-08-24
604,453,CRM Basic,20.0,4,2024-06-30
605,304,CRM Pro,50.0,4,2024-09-19
606,3,CRM Enterprise,100.0,2,2025-01-09
607,106,CRM Pro,50.0,1,2024-12-21
608,296,CRM Basic,20.0,5,2024-11-18
609,96,CRM Pro,50.0,3,2024-07-20
610,101,CRM Pro,50.0,1,2025-02-21
611,135,CRM Enterprise,100.0,4,2025-03-01
612,271,CRM Enterprise,100.0,3,2025-03-12
613,306,CRM Pro,50.0,5,2025-06-24
614,201,CRM Enterprise,100.0,1,2025-02-21
615,179,CRM Pro,50.0,4,2025-06-16
616,317,CRM Basic,20.0,3,2024-12-31
617,471,CRM Enterprise,100.0,5,2025-03-10
618,44,CRM Enterprise,100.0,2,2025-01-02
619,161,CRM Basic,20.0,2,2024-07-03
620,157,CRM Basic,20.0,2,2024-06-29
621,192,CRM Enterprise,100.0,2,2025-01-19
622,262,CRM Pro,50.0,4,2025-01-27
623,306,CRM Basic,20.0,5,2024-12-03
624,197,CRM Pro,50.0,2,2024-07-01
625,250,CRM Enterprise,100.0,5,2024-07-03
626,356,CRM Enterprise,100.0,2,2025-01-18
627,285,CRM Basic,20.0,4,2025-04-03
628,148,CRM Basic,20.0,2,2024-10-11
629,162,CRM Pro,50.0,5,2025-01-21
630,28,CRM Pro,50.0,1,2024-10-16
631,249,CRM Basic,20.0,2,2024-07-03
632,418,CRM Pro,50.0,5,2025-01-08
633,259,CRM Enterprise,100.0,4,2025-05-08
634,210,CRM Enterprise,100.0,4,2025-03-25
635,213,CRM Enterprise,100.0,4,2025-03-15
636,251,CRM Basic,20.0,1,2024-12-11
637,290,CRM Basic,20.0,2,2025-05-06
638,150,CRM Basic,20.0,3,2025-06-26
639,116,CRM Enterprise,100.0,3,2025-06-15
640,87,CRM Pro,50.0,5,2024-09-04
641,381,CRM Pro,50.0,5,2024-08-07
642,262,CRM Basic,20.0,5,2025-06-18
643,59,CRM Pro,50.0,5,2024-08-03
644,422,CRM Pro,50.0,5,2025-01-16
645,422,CRM Basic,20.0,4,2024-08-23
646,280,CRM Basic,20.0,4,2024-09-28
647,53,CRM Enterprise,100.0,2,2024-09-09
648,153,CRM Basic,20.0,4,2025-02-22
649,135,CRM Pro,50.0,1,2025-01-17
650,225,CRM Basic,20.0,2,2024-10-03
651,108,CRM Enterprise,100.0,5,2025-05-09
652,353,CRM Pro,50.0,5,2024-11-11
653,324,CRM Pro,50.0,2,2024-10-08
654,316,CRM Basic,20.0,2,2025-05-01
655,417,CRM Basic,20.0,1,2024-11-28
656,292,CRM Pro,50.0,5,2024-07-27
657,144,CRM Enterprise,100.0,5,2024-11-18
658,87,CRM Pro,50.0,3,2024-12-01
659,149,CRM Enterprise,100.0,3,2024-12-22
660,488,CRM Enterprise,100.0,1,2025-02-01
661,70,CRM Pro,50.0,1,2024-09-29
662,142,CRM Enterprise,100.0,2,2025-03-24
663,360,CRM Basic,20.0,2,2024-09-22
664,75,CRM Enterprise,100.0,3,2024-10-21
665,425,CRM Basic,20.0,4,2025-03-19
666,251,CRM Basic,20.0,5,2025-05-14
667,324,CRM Pro,50.0,4,2025-05-22
668,193,CRM Pro,50.0,1,2024-07-28
669,325,CRM Basic,20.0,4,2025-03-07
670,264,CRM Enterprise,100.0,3,2025-05-26
671,356,CRM Pro,50.0,4,2025-03-06
672,487,CRM Pro,50.0,3,2025-04-17
673,298,CRM Basic,20.0,1,2024-07-09
674,375,CRM Pro,50.0,3,2024-08-02
675,436,CRM Basic,20.0,5,2024-12-01
676,204,CRM Basic,20.0,4,2024-11-21
677,423,CRM Basic,20.0,4,2024-11-20
678,138,CRM Pro,50.0,3,2025-01-27
679,173,CRM Enterprise,100.0,5,2024-12-28
680,67,CRM Enterprise,100.0,4,2024-07-18
681,404,CRM Pro,50.0,1,2025-03-01
682,24,CRM Basic,20.0,4,2024-06-30
683,9,CRM Basic,20.0,2,2025-03-26
684,226,CRM Pro,50.0,1,2024-09-01
685,491,CRM Pro,50.0,2,2024-07-29
686,353,CRM Basic,20.0,3,2025-01-07
687,82,CRM Pro,50.0,1,2025-05-21
688,336,CRM Pro,50.0,3,2024-12-12
689,43,CRM Pro,50.0,2,2025-03-04
690,27,CRM Pro,50.0,3,2025-04-27
691,372,CRM Enterprise,100.0,2,2024-11-02
692,220,CRM Enterprise,100.0,1,2025-02-01
693,361,CRM Basic,20.0,1,2025-05-26
694,110,CRM Pro,50.0,1,2024-08-03
695,68,CRM Enterprise,100.0,2,2025-06-09
696,266,CRM Enterprise,100.0,4,2025-01-18
697,5,CRM Basic,20.0,3,2025-06-18
698,419,CRM Basic,20.0,4,2024-07-13
699,356,CRM Basic,20.0,4,2024-09-24
700,37,CRM Basic,20.0,4,2024-09-17
701,46,CRM Enterprise,100.0,1,2025-06-12
702,53,CRM Pro,50.0,3,2025-05-30
703,452,CRM Pro,50.0,2,2025-03-22
704,196,CRM Basic,20.0,2,2025-06-06
705,36,CRM Enterprise,100.0,5,2025-02-02
706,5,CRM Enterprise,100.0,2,2024-12-28
707,226,CRM Pro,50.0,2,2024-10-10
708,322,CRM Enterprise,100.0,2,2024-07-15
709,471,CRM Pro,50.0,5,2025-06-20
710,352,CRM Pro,50.0,2,2024-07-25
711,45,CRM Basic,20.0,2,2025-03-19
712,386,CRM Basic,20.0,5,2025-06-21
713,374,CRM Pro,50.0,3,2024-10-13
714,494,CRM Pro,50.0,3,2025-06-11
715,406,CRM Basic,20.0,2,2025-01-23
716,142,CRM Enterprise,100.0,1,2025-01-31
717,128,CRM Enterprise,100.0,5,2025-03-09
718,308,CRM Enterprise,100.0,5,2024-07-09
719,146,CRM Enterprise,100.0,1,2024-09-04
720,435,CRM Enterprise,100.0,3,2025-06-22
721,106,CRM Enterprise,100.0,5,2025-05-23
722,261,CRM Basic,20.0,4,2024-10-27
723,152,CRM Enterprise,100.0,1,2024-07-03
724,402,CRM Basic,20.0,4,2024-09-15
725,198,CRM Basic,20.0,2,2025-02-09
726,256,CRM Enterprise,100.0,5,2024-08-21
727,37,CRM Enterprise,100.0,1,2025-04-15
728,185,CRM Pro,50.0,2,2025-05-11
729,199,CRM Enterprise,100.0,4,2025-03-30
730,188,CRM Enterprise,100.0,2,2025-05-11
731,391,CRM Pro,50.0,1,2024-11-28
732,9,CRM Enterprise,100.0,1,2025-06-22
733,8,CRM Pro,50.0,2,2024-07-26
734,21,CRM Basic,20.0,4,2024-10-21
735,260,CRM Pro,50.0,5,2024-08-29
736,393,CRM Pro,50.0,4,2025-02-01
737,360,CRM Pro,50.0,1,2024-09-28
738,328,CRM Enterprise,100.0,5,2025-02-02
739,316,CRM Basic,20.0,3,2025-05-17
740,43,CRM Pro,50.0,1,2025-05-22
741,262,CRM Basic,20.0,2,2024-11-25
742,275,CRM Pro,50.0,4,2025-03-16
743,301,CRM Enterprise,100.0,1,2025-06-10
744,159,CRM Enterprise,100.0,4,2025-01-22
745,374,CRM Basic,20.0,1,2024-11-02
746,126,CRM Basic,20.0,4,2024-11-23
747,60,CRM Pro,50.0,5,2025-04-16
748,312,CRM Basic,20.0,3,2025-04-10
749,342,CRM Enterprise,100.0,2,2024-08-20
750,62,CRM Basic,20.0,2,2025-04-29
751,360,CRM Basic,20.0,2,2025-03-21
752,255,CRM Pro,50.0,5,2025-04-04
753,265,CRM Enterprise,100.0,3,2024-07-27
754,86,CRM Pro,50.0,2,2025-01-07
755,384,CRM Pro,50.0,1,2025-04-12
756,395,CRM Basic,20.0,3,2024-11-08
757,414,CRM Pro,50.0,3,2024-07-17
758,269,CRM Basic,20.0,3,2024-08-03
759,365,CRM Enterprise,100.0,1,2024-12-13
760,255,CRM Pro,50.0,5,2024-09-25
761,185,CRM Basic,20.0,4,2025-05-18
762,440,CRM Enterprise,100.0,2,2024-07-26
763,189,CRM Basic,20.0,3,2024-11-06
764,396,CRM Basic,20.0,5,2025-02-17
765,346,CRM Enterprise,100.0,1,2025-04-21
766,117,CRM Enterprise,100.0,5,2025-02-20
767,2,CRM Basic,20.0,1,2025-02-13
768,126,CRM Basic,20.0,4,2024-11-28
769,187,CRM Pro,50.0,2,2025-04-23
770,92,CRM Basic,20.0,5,2024-10-31
771,412,CRM Enterprise,100.0,4,2024-07-08
772,115,CRM Pro,50.0,2,2025-02-28
773,214,CRM Enterprise,100.0,3,2024-10-11
774,139,CRM Basic,20.0,5,2025-04-27
775,191,CRM Basic,20.0,5,2024-12-18
776,345,CRM Basic,20.0,2,2025-01-03
777,115,CRM Enterprise,100.0,1,2024-09-23
778,489,CRM Pro,50.0,1,2024-11-12
779,450,CRM Pro,50.0,3,2025-01-27
780,397,CRM Pro,50.0,3,2025-06-27
781,45,CRM Enterprise,100.0,4,2024-11-19
782,5,CRM Pro,50.0,2,2024-12-11
783,150,CRM Enterprise,100.0,3,2024-09-07
784,379,CRM Enterprise,100.0,2,2025-03-17
785,238,CRM Pro,50.0,5,2025-02-09
786,498,CRM Pro,50.0,2,2025-03-10
787,376,CRM Enterprise,100.0,2,2024-11-21
788,78,CRM Basic,20.0,4,2024-07-30
789,13,CRM Basic,20.0,5,2025-04-22
790,178,CRM Enterprise,100.0,1,2025-02-22
791,487,CRM Pro,50.0,1,2024-10-19
792,389,CRM Enterprise,100.0,4,2025-05-02
793,435,CRM Enterprise,100.0,3,2024-09-30
794,54,CRM Basic,20.0,5,2025-03-30
795,122,CRM Pro,50.0,4,2024-07-25
796,493,CRM Basic,20.0,2,2024-07-28
797,365,CRM Pro,50.0,1,2024-10-09
798,23,CRM Basic,20.0,5,2024-08-25
799,212,CRM Enterprise,100.0,3,2024-11-21
800,235,CRM Enterprise,100.0,1,2025-03-30
801,298,CRM Basic,20.0,5,2025-04-27
802,69,CRM Enterprise,100.0,4,2025-02-28
803,39,CRM Enterprise,100.0,5,2024-08-25
804,32,CRM Pro,50.0,2,2025-04-10
805,122,CRM Pro,50.0,3,2024-11-25
806,436,CRM Pro,50.0,4,2024-10-27
807,359,CRM Enterprise,100.0,3,2024-11-14
808,163,CRM Pro,50.0,3,2024-08-07
809,120,CRM Basic,20.0,2,2024-08-01
810,70,CRM Enterprise,100.0,1,2024-06-29
811,80,CRM Basic,20.0,2,2024-10-24
812,231,CRM Pro,50.0,3,2024-12-16
813,209,CRM Basic,20.0,5,2024-11-13
814,184,CRM Basic,20.0,4,2025-04-18
815,158,CRM Pro,50.0,3,2024-10-09
816,437,CRM Basic,20.0,1,2024-08-05
817,81,CRM Enterprise,100.0,3,2024-08-17
818,424,CRM Enterprise,100.0,5,2024-07-30
819,21,CRM Basic,20.0,3,2024-09-07
820,76,CRM Basic,20.0,2,2024-12-11
821,496,CRM Pro,50.0,4,2024-12-18
822,263,CRM Basic,20.0,3,2025-01-29
823,134,CRM Basic,20.0,1,2025-01-28
824,488,CRM Pro,50.0,4,2025-01-12
825,285,CRM Enterprise,100.0,5,2024-12-02
826,128,CRM Basic,20.0,4,2024-08-06
827,53,CRM Basic,20.0,1,2024-07-07
828,7,CRM Basic,20.0,2,2024-07-31
829,67,CRM Basic,20.0,4,2024-11-11
830,191,CRM Enterprise,100.0,1,2025-01-28
831,299,CRM Enterprise,100.0,3,2024-08-02
832,470,CRM Basic,20.0,1,2025-02-13
833,34,CRM Basic,20.0,4,2025-02-14
834,415,CRM Basic,20.0,1,2025-04-27
835,464,CRM Pro,50.0,1,2024-10-30
836,22,CRM Pro,50.0,1,2025-05-28
837,87,CRM Enterprise,100.0,4,2024-11-23
838,421,CRM Enterprise,100.0,4,2024-07-01
839,255,CRM Basic,20.0,4,2024-10-18
840,350,CRM Pro,50.0,2,2024-12-04
841,182,CRM Basic,20.0,2,2024-11-24
842,141,CRM Pro,50.0,4,2025-04-25
843,453,CRM Basic,20.0,1,2024-07-29
844,315,CRM Enterprise,100.0,5,2025-04-04
845,126,CRM Enterprise,100.0,3,2025-06-11
846,256,CRM Pro,50.0,5,2025-01-30
847,246,CRM Basic,20.0,1,2025-06-13
848,144,CRM Pro,50.0,2,2024-09-29
849,215,CRM Basic,20.0,5,2025-02-04
850,128,CRM Enterprise,100.0,5,2025-01-15
851,407,CRM Basic,20.0,4,2024-08-31
852,401,CRM Enterprise,100.0,3,2025-03-20
853,246,CRM Enterprise,100.0,4,2024-11-21
854,177,CRM Enterprise,100.0,5,2024-08-31
855,165,CRM Pro,50.0,3,2024-08-19
856,93,CRM Basic,20.0,3,2024-10-09
857,306,CRM Basic,20.0,1,2024-10-21
858,459,CRM Pro,50.0,1,2024-10-09
859,415,CRM Pro,50.0,5,2025-01-04
860,184,CRM Enterprise,100.0,2,2024-08-22
861,499,CRM Basic,20.0,1,2024-07-21
862,127,CRM Enterprise,100.0,2,2024-08-30
863,137,CRM Enterprise,100.0,1,2024-12-12
864,392,CRM Basic,20.0,5,2024-10-12
865,434,CRM Pro,50.0,3,2024-12-07
866,479,CRM Basic,20.0,2,2024-10-21
867,122,CRM Enterprise,100.0,3,2025-01-01
868,413,CRM Enterprise,100.0,3,2025-04-26
869,468,CRM Enterprise,100.0,1,2024-07-26
870,361,CRM Enterprise,100.0,3,2024-11-14
871,486,CRM Enterprise,100.0,5,2024-10-02
872,73,CRM Enterprise,100.0,2,2024-09-30
873,429,CRM Pro,50.0,5,2025-04-02
874,159,CRM Basic,20.0,4,2025-02-24
875,20,CRM Basic,20.0,1,2025-01-05
876,120,CRM Enterprise,100.0,2,2025-02-12
877,11,CRM Enterprise,100.0,4,2025-02-21
878,1,CRM Pro,50.0,5,2024-09-10
879,104,CRM Basic,20.0,3,2024-12-21
880,368,CRM Basic,20.0,3,2024-08-07
881,31,CRM Basic,20.0,2,2024-08-18
882,301,CRM Enterprise,100.0,2,2024-10-23
883,397,CRM Basic,20.0,5,2024-06-29
884,441,CRM Pro,50.0,1,2024-11-27
885,192,CRM Enterprise,100.0,4,2024-11-03
886,301,CRM Basic,20.0,3,2025-05-19
887,155,CRM Pro,50.0,2,2025-02-22
888,500,CRM Basic,20.0,4,2024-11-21
889,406,CRM Enterprise,100.0,4,2025-05-05
890,333,CRM Pro,50.0,2,2025-05-27
891,363,CRM Enterprise,100.0,5,2024-11-01
892,403,CRM Pro,50.0,2,2024-12-14
893,341,CRM Enterprise,100.0,2,2024-11-03
894,194,CRM Pro,50.0,3,2024-12-11
895,66,CRM Basic,20.0,1,2025-05-09
896,486,CRM Enterprise,100.0,5,2025-05-12
897,201,CRM Enterprise,100.0,1,2025-05-26
898,94,CRM Enterprise,100.0,3,2025-03-06
899,472,CRM Enterprise,100.0,2,2025-02-12
900,328,CRM Enterprise,100.0,1,2024-08-18
901,480,CRM Pro,50.0,2,2024-10-21
902,170,CRM Enterprise,100.0,1,2024-10-29
903,122,CRM Pro,50.0,3,2025-02-16
904,86,CRM Enterprise,100.0,1,2025-03-24
905,421,CRM Enterprise,100.0,3,2024-09-13
906,229,CRM Basic,20.0,3,2024-12-30
907,108,CRM Basic,20.0,1,2024-10-27
908,180,CRM Pro,50.0,1,2024-09-03
909,369,CRM Basic,20.0,1,2024-11-28
910,198,CRM Pro,50.0,4,2024-10-28
911,497,CRM Basic,20.0,4,2024-10-18
912,253,CRM Pro,50.0,3,2025-04-08
913,280,CRM Pro,50.0,1,2025-03-23
914,425,CRM Pro,50.0,5,2025-02-27
915,334,CRM Enterprise,100.0,2,2025-01-03
916,84,CRM Pro,50.0,1,2025-02-05
917,410,CRM Basic,20.0,3,2025-04-26
918,11,CRM Pro,50.0,3,2024-09-29
919,488,CRM Basic,20.0,1,2024-10-31
920,176,CRM Basic,20.0,4,2024-11-20
921,83,CRM Enterprise,100.0,1,2024-10-13
922,281,CRM Basic,20.0,3,2025-05-10
923,305,CRM Enterprise,100.0,4,2025-04-28
924,361,CRM Basic,20.0,4,2024-11-26
925,483,CRM Enterprise,100.0,2,2024-11-15
926,311,CRM Pro,50.0,2,2024-08-10
927,28,CRM Basic,20.0,3,2025-06-23
928,106,CRM Basic,20.0,4,2025-01-31
929,357,CRM Enterprise,100.0,5,2024-09-12
930,136,CRM Enterprise,100.0,3,2025-02-11
931,153,CRM Basic,20.0,1,2025-01-24
932,26,CRM Pro,50.0,5,2024-09-04
933,282,CRM Pro,50.0,2,2025-03-18
934,28,CRM Pro,50.0,1,2025-04-21
935,219,CRM Basic,20.0,3,2025-01-26
936,422,CRM Enterprise,100.0,5,2024-07-07
937,246,CRM Basic,20.0,1,2025-04-05
938,14,CRM Basic,20.0,2,2024-12-23
939,327,CRM Pro,50.0,1,2025-03-29
940,243,CRM Basic,20.0,3,2024-09-16
941,402,CRM Pro,50.0,4,2024-12-14
942,251,CRM Enterprise,100.0,3,2025-05-02
943,47,CRM Enterprise,100.0,5,2024-10-18
944,199,CRM Basic,20.0,3,2025-05-15
945,454,CRM Pro,50.0,3,2025-03-23
946,96,CRM Pro,50.0,1,2024-07-23
947,135,CRM Pro,50.0,4,2025-05-11
948,135,CRM Basic,20.0,3,2025-05-22
949,289,CRM Basic,20.0,2,2025-05-02
950,386,CRM Enterprise,100.0,1,2025-05-01
951,44,CRM Enterprise,100.0,3,2024-12-02
952,414,CRM Enterprise,100.0,4,2025-03-15
953,498,CRM Enterprise,100.0,2,2025-01-06
954,284,CRM Basic,20.0,4,2024-08-20
955,420,CRM Enterprise,100.0,4,2025-02-27
956,495,CRM Enterprise,100.0,4,2024-10-22
957,294,CRM Basic,20.0,4,2024-09-28
958,154,CRM Basic,20.0,4,2024-10-03
959,463,CRM Enterprise,100.0,1,2025-03-09
960,258,CRM Enterprise,100.0,5,2024-08-25
961,410,CRM Enterprise,100.0,5,2025-03-31
962,76,CRM Basic,20.0,4,2024-12-08
963,89,CRM Basic,20.0,2,2025-04-29
964,414,CRM Basic,20.0,2,2024-11-20
965,22,CRM Pro,50.0,1,2024-07-25
966,350,CRM Pro,50.0,2,2024-12-18
967,422,CRM Enterprise,100.0,2,2025-02-14
968,428,CRM Enterprise,100.0,3,2024-12-30
969,164,CRM Enterprise,100.0,1,2025-02-08
970,45,CRM Pro,50.0,5,2024-11-29
971,204,CRM Enterprise,100.0,3,2025-01-20
972,439,CRM Pro,50.0,5,2025-01-09
973,235,CRM Basic,20.0,5,2025-06-20
974,301,CRM Enterprise,100.0,4,2025-06-19
975,58,CRM Pro,50.0,2,2025-05-30
976,76,CRM Enterprise,100.0,5,2025-03-22
977,299,CRM Basic,20.0,1,2024-12-06
978,289,CRM Basic,20.0,3,2025-01-24
979,445,CRM Enterprise,100.0,3,2024-07-11
980,450,CRM Pro,50.0,3,2025-04-30
981,197,CRM Enterprise,100.0,4,2024-11-13
982,293,CRM Enterprise,100.0,4,2025-03-26
983,20,CRM Basic,20.0,3,2025-06-09
984,207,CRM Basic,20.0,5,2025-05-08
985,312,CRM Enterprise,100.0,4,2025-01-21
986,20,CRM Pro,50.0,3,2025-02-12
987,354,CRM Basic,20.0,1,2025-03-01
988,382,CRM Pro,50.0,3,2025-06-17
989,460,CRM Pro,50.0,1,2024-07-30
990,173,CRM Pro,50.0,3,2024-08-08
991,144,CRM Pro,50.0,1,2025-04-21
992,498,CRM Basic,20.0,2,2024-10-01
993,154,CRM Enterprise,100.0,4,2025-03-09
994,397,CRM Pro,50.0,3,2025-03-12
995,374,CRM Pro,50.0,5,2024-11-11
996,331,CRM Basic,20.0,2,2024-08-30
997,227,CRM Basic,20.0,4,2025-03-05
998,380,CRM Pro,50.0,5,2025-02-19
999,445,CRM Pro,50.0,1,2024-07-14
1000,264,CRM Basic,20.0,1,2025-01-31
